sir:sir:subst mask appell ent ub normert
siren:sir:subst mask appell ent be normert
sirer:sir:subst mask appell fl ub normert
sirene:sir:subst mask appell fl be normert
Res.kap.:res.kap.:fork subst @TITTEL unormert
res.kap.:res.kap.:fork subst @TITTEL normert
vit.ass.:vit.ass.:fork subst @TITTEL normert
stud.:stud.:fork subst mask appell @TITTEL normert
Dr. Philos.:dr.philos.:fork subst @TITTEL unormert
Dr. philos.:dr.philos.:fork subst @TITTEL unormert
Dr.philos.:dr.philos.:fork subst @TITTEL unormert
dr. philos.:dr.philos.:fork subst @TITTEL unormert
dr.philos.:dr.philos.:fork subst @TITTEL normert
Dr. Polit.:dr.polit.:fork subst @TITTEL unormert
Dr. polit.:dr.polit.:fork subst @TITTEL unormert
Dr.polit.:dr.polit.:fork subst @TITTEL unormert
dr. polit.:dr.polit.:fork subst @TITTEL unormert
dr.polit.:dr.polit.:fork subst @TITTEL normert
Dr. Psychol.:dr.psychol.:fork subst @TITTEL unormert
Dr. psychol.:dr.psychol.:fork subst @TITTEL unormert
Dr.psychol.:dr.psychol.:fork subst @TITTEL unormert
dr. psychol.:dr.psychol.:fork subst @TITTEL unormert
dr.psychol.:dr.psychol.:fork subst @TITTEL normert
Dr. Scient.:dr.scient.:fork subst @TITTEL unormert
Dr. scient.:dr.scient.:fork subst @TITTEL unormert
Dr.scient.:dr.scient.:fork subst @TITTEL unormert
dr. scient.:dr.scient.:fork subst @TITTEL unormert
dr.scient.:dr.scient.:fork subst @TITTEL normert
Dr.pharm.:dr.pharm.:fork subst @TITTEL unormert
dr.pharm.:dr.pharm.:fork subst @TITTEL normert
Stud. Mag. Art.:stud.mag.art.:fork subst @TITTEL unormert
Stud. mag. art.:stud.mag.art.:fork subst @TITTEL unormert
Stud.mag.art.:stud.mag.art.:fork subst @TITTEL unormert
stud. mag. art.:stud.mag.art.:fork subst @TITTEL unormert
stud.mag.art.:stud.mag.art.:fork subst @TITTEL normert
Stud. Odont.:stud.odont.:fork subst @TITTEL unormert
Stud. odont.:stud.odont.:fork subst @TITTEL unormert
Stud.odont.:stud.odont.:fork subst @TITTEL unormert
stud. odont.:stud.odont.:fork subst @TITTEL unormert
stud.odont.:stud.odont.:fork subst @TITTEL normert
Stud. Oecon.:stud.oecon.:fork subst @TITTEL unormert
Stud. oecon.:stud.oecon.:fork subst @TITTEL unormert
Stud.oecon.:stud.oecon.:fork subst @TITTEL unormert
stud. oecon.:stud.oecon.:fork subst @TITTEL unormert
stud.oecon.:stud.oecon.:fork subst @TITTEL normert
Stud. Pharm.:stud.pharm.:fork subst @TITTEL unormert
Stud. pharm.:stud.pharm.:fork subst @TITTEL unormert
Stud.pharm.:stud.pharm.:fork subst @TITTEL unormert
stud. pharm.:stud.pharm.:fork subst @TITTEL unormert
Mrs.:Mrs.:fork subst @TITTEL normert
mrs.:Mrs.:fork subst @TITTEL unormert
stud.pharm.:stud.pharm.:fork subst @TITTEL normert
Stud. Philol.:stud.philol.:fork subst @TITTEL unormert
Stud. philol.:stud.philol.:fork subst @TITTEL unormert
Stud.philol.:stud.philol.:fork subst @TITTEL unormert
stud. philol.:stud.philol.:fork subst @TITTEL unormert
stud.philol.:stud.philol.:fork subst @TITTEL normert
Stud. Polit.:stud.polit.:fork subst @TITTEL unormert
Stud. polit.:stud.polit.:fork subst @TITTEL unormert
Stud.polit.:stud.polit.:fork subst @TITTEL unormert
stud. polit.:stud.polit.:fork subst @TITTEL unormert
stud.polit.:stud.polit.:fork subst @TITTEL normert
Stud. Psychol.:stud.psychol.:fork subst @TITTEL unormert
Stud. psychol.:stud.psychol.:fork subst @TITTEL unormert
Stud.psychol.:stud.psychol.:fork subst @TITTEL unormert
stud. psychol.:stud.psychol.:fork subst @TITTEL unormert
stud.psychol.:stud.psychol.:fork subst @TITTEL normert
Stud. Real.:stud.real.:fork subst @TITTEL unormert
Stud. real.:stud.real.:fork subst @TITTEL unormert
Stud.real.:stud.real.:fork subst @TITTEL unormert
stud. real.:stud.real.:fork subst @TITTEL unormert
stud.real.:stud.real.:fork subst @TITTEL normert
Stud. Scient.:stud.scient.:fork subst @TITTEL unormert
Stud. scient.:stud.scient.:fork subst @TITTEL unormert
Stud.scient.:stud.scient.:fork subst @TITTEL unormert
stud. scient.:stud.scient.:fork subst @TITTEL unormert
stud.scient.:stud.scient.:fork subst @TITTEL normert
Kand.:kand.:fork subst @TITTEL unormert
kand.:kand.:fork subst @TITTEL normert
adm direktør:adm.dir.:fork adj+subst subst @TITTEL unormert
adm. dir:adm.dir.:fork adj+subst subst @TITTEL unormert
adm. dir.:adm.dir.:fork adj+subst subst @TITTEL unormert
adm. direktør:adm.dir.:fork adj+subst subst @TITTEL unormert
adm.dir:adm.dir.:fork adj+subst subst @TITTEL unormert
adm.dir.:adm.dir.:fork adj+subst subst @TITTEL normert
stud.jur:stud.jur.:fork subst @TITTEL unormert
stud.jur.:stud.jur.:fork subst @TITTEL normert
Stud. med.:stud.med.:fork subst @TITTEL unormert
Stud.med.:stud.med.:fork subst @TITTEL unormert
stud. med:stud.med.:fork subst @TITTEL unormert
stud. med.:stud.med.:fork subst @TITTEL unormert
stud.med:stud.med.:fork subst @TITTEL unormert
stud.med.:stud.med.:fork subst @TITTEL normert
Stud. techn.:stud.techn.:fork subst @TITTEL unormert
Stud.techn.:stud.techn.:fork subst @TITTEL unormert
stud. techn.:stud.techn.:fork subst @TITTEL unormert
stud.techn:stud.techn.:fork subst @TITTEL unormert
stud.techn.:stud.techn.:fork subst @TITTEL normert
Stud. theol:stud.theol.:fork subst @TITTEL unormert
Stud.theol:stud.theol.:fork subst @TITTEL unormert
stud. theol.:stud.theol.:fork subst @TITTEL unormert
stud.theol:stud.theol.:fork subst @TITTEL unormert
stud.theol.:stud.theol.:fork subst @TITTEL normert
DK:DK:fork subst @TITTEL normert
D/S:DS:fork subst @TITTEL unormert
DS:DS:fork subst @TITTEL normert
T/S:TS:fork subst @TITTEL unormert
TS:TS:fork subst @TITTEL normert
H.K.H.:H.K.H.:fork subst @TITTEL normert
H.k.h.:H.K.H.:fork subst @TITTEL unormert
H.M.:H.M.:fork subst @TITTEL normert
H.m.:H.M.:fork subst @TITTEL unormert
Dr:dr.:fork subst @TITTEL unormert
Dr.:dr.:fork subst @TITTEL unormert
dr:dr.:fork subst @TITTEL unormert
dr.:dr.:fork subst @TITTEL normert
Dr. agric.:dr.agric.:fork subst @TITTEL unormert
Dr.agric.:dr.agric.:fork subst @TITTEL unormert
dr. agric:dr.agric.:fork subst @TITTEL unormert
dr. agric.:dr.agric.:fork subst @TITTEL unormert
dr.agric:dr.agric.:fork subst @TITTEL unormert
dr.agric.:dr.agric.:fork subst @TITTEL normert
Dr. Art.:dr.art.:fork subst @TITTEL unormert
Dr. art.:dr.art.:fork subst @TITTEL unormert
Dr.art.:dr.art.:fork subst @TITTEL unormert
dr. art.:dr.art.:fork subst @TITTEL unormert
dr.art.:dr.art.:fork subst @TITTEL normert
Dr. ing.:dr.ing.:fork subst @TITTEL unormert
Dr.ing.:dr.ing.:fork subst @TITTEL unormert
dr. ing:dr.ing.:fork subst @TITTEL unormert
dr. ing.:dr.ing.:fork subst @TITTEL unormert
dr.ing:dr.ing.:fork subst @TITTEL unormert
dr.ing.:dr.ing.:fork subst @TITTEL normert
Dr. Jur.:dr.jur.:fork subst @TITTEL unormert
Dr. jur.:dr.jur.:fork subst @TITTEL unormert
Dr.jur.:dr.jur.:fork subst @TITTEL unormert
dr.jur.:dr.jur.:fork subst @TITTEL normert
Dr. med.:dr.med.:fork subst @TITTEL unormert
Dr.med.:dr.med.:fork subst @TITTEL unormert
dr. med:dr.med.:fork subst @TITTEL unormert
dr. med.:dr.med.:fork subst @TITTEL unormert
dr.med:dr.med.:fork subst @TITTEL unormert
dr.med.:dr.med.:fork subst @TITTEL normert
Dr. Med. Vet.:dr.med.vet.:fork subst @TITTEL unormert
Dr. med. vet.:dr.med.vet.:fork subst @TITTEL unormert
Dr.med.vet.:dr.med.vet.:fork subst @TITTEL unormert
dr. med. vet.:dr.med.vet.:fork subst @TITTEL unormert
dr.med.vet.:dr.med.vet.:fork subst @TITTEL normert
Dr. Odont.:dr.odont.:fork subst @TITTEL unormert
Dr. odont.:dr.odont.:fork subst @TITTEL unormert
Dr.odont.:dr.odont.:fork subst @TITTEL unormert
dr. odont.:dr.odont.:fork subst @TITTEL unormert
dr.odont.:dr.odont.:fork subst @TITTEL normert
Dr. Oecon.:dr.oecon.:fork subst @TITTEL unormert
Dr. oecon.:dr.oecon.:fork subst @TITTEL unormert
Dr.oecon.:dr.oecon.:fork subst @TITTEL unormert
dr. oecon.:dr.oecon.:fork subst @TITTEL unormert
dr.oecon.:dr.oecon.:fork subst @TITTEL normert
Dr. Philos.:dr.philos.:fork subst @TITTEL unormert
Dr. philos.:dr.philos.:fork subst @TITTEL unormert
Dr.philos.:dr.philos.:fork subst @TITTEL unormert
dr. philos.:dr.philos.:fork subst @TITTEL unormert
dr.philos.:dr.philos.:fork subst @TITTEL normert
Dr. techn.:dr.techn.:fork subst @TITTEL unormert
Dr.techn.:dr.techn.:fork subst @TITTEL unormert
dr. techn:dr.techn.:fork subst @TITTEL unormert
dr. techn.:dr.techn.:fork subst @TITTEL unormert
dr.techn:dr.techn.:fork subst @TITTEL unormert
dr.techn.:dr.techn.:fork subst @TITTEL normert
Dr. theol:dr.theol.:fork subst @TITTEL unormert
Dr.theol:dr.theol.:fork subst @TITTEL unormert
dr. theol:dr.theol.:fork subst @TITTEL unormert
dr. theol.:dr.theol.:fork subst @TITTEL unormert
dr.theol:dr.theol.:fork subst @TITTEL unormert
dr.theol.:dr.theol.:fork subst @TITTEL normert
LK:LK:fork subst @TITTEL normert
M/S:MS:fork subst @TITTEL unormert
MS:MS:fork subst @TITTEL normert
M/T:MT:fork subst @TITTEL unormert
MT:MT:fork subst @TITTEL normert
Mlle:Mlle:fork subst @TITTEL normert
mlle:Mlle:fork subst @TITTEL unormert
Mme:Mme:fork subst @TITTEL normert
mme:Mme:fork subst @TITTEL unormert
Mr.:Mr.:fork subst @TITTEL normert
mr.:Mr.:fork subst @TITTEL unormert
Cand. act.:cand.act.:fork subst @TITTEL unormert
cand. act:cand.act.:fork subst @TITTEL unormert
cand. act.:cand.act.:fork subst @TITTEL unormert
cand.act:cand.act.:fork subst @TITTEL unormert
cand.act.:cand.act.:fork subst @TITTEL normert
Cand. agric.:cand.agric.:fork subst @TITTEL unormert
Cand.agric.:cand.agric.:fork subst @TITTEL unormert
cand. agric:cand.agric.:fork subst @TITTEL unormert
cand. agric.:cand.agric.:fork subst @TITTEL unormert
cand.agric:cand.agric.:fork subst @TITTEL unormert
cand.agric.:cand.agric.:fork subst @TITTEL normert
Cand. jur.:cand.jur.:fork subst @TITTEL unormert
Cand.jur.:cand.jur.:fork subst @TITTEL unormert
cand. jur.:cand.jur.:fork subst @TITTEL unormert
cand.jur.:cand.jur.:fork subst @TITTEL normert
Cand. Mag.:cand.mag.:fork subst @TITTEL unormert
Cand. mag.:cand.mag.:fork subst @TITTEL unormert
Cand.mag.:cand.mag.:fork subst @TITTEL unormert
cand. mag.:cand.mag.:fork subst @TITTEL unormert
cand.mag.:cand.mag.:fork subst @TITTEL normert
Cand. med.:cand.med.:fork subst @TITTEL unormert
Cand.med.:cand.med.:fork subst @TITTEL unormert
cand. med:cand.med.:fork subst @TITTEL unormert
cand. med.:cand.med.:fork subst @TITTEL unormert
Mag. Art.:mag.art.:fork subst @TITTEL unormert
Mag. art.:mag.art.:fork subst @TITTEL unormert
Mag.art:mag.art.:fork subst @TITTEL unormert
Mag.art.:mag.art.:fork subst @TITTEL unormert
mag. art.:mag.art.:fork subst @TITTEL unormert
mag.art:mag.art.:fork subst @TITTEL unormert
mag.art.:mag.art.:fork subst @TITTEL normert
Mag. scient:mag.scient.:fork subst @TITTEL unormert
Mag.scient:mag.scient.:fork subst @TITTEL unormert
mag. scient:mag.scient.:fork subst @TITTEL unormert
mag. scient.:mag.scient.:fork subst @TITTEL unormert
mag.scient:mag.scient.:fork subst @TITTEL unormert
mag.scient.:mag.scient.:fork subst @TITTEL normert
Lic.:lic.:fork subst @TITTEL unormert
lic.:lic.:fork subst @TITTEL normert
Lic. Philos.:lic.philos.:fork subst @TITTEL unormert
Lic. philos.:lic.philos.:fork subst @TITTEL unormert
Lic.philos:lic.philos.:fork subst @TITTEL unormert
lic. philos.:lic.philos.:fork subst @TITTEL unormert
lic.philos.:lic.philos.:fork subst @TITTEL normert
Vit. Ass.:vit.ass.:fork subst @TITTEL unormert
Vit. ass.:vit.ass.:fork subst @TITTEL unormert
vit. ass.:vit.ass.:fork subst @TITTEL unormert
Cand. juris:cand.juris:fork subst @TITTEL unormert
Cand.juris:cand.juris:fork subst @TITTEL unormert
cand. juris:cand.juris:fork subst @TITTEL unormert
cand.juris:cand.juris:fork subst @TITTEL normert
Dr. Juris:dr.juris:fork subst @TITTEL unormert
Dr. juris:dr.juris:fork subst @TITTEL unormert
Dr.juris:dr.juris:fork subst @TITTEL unormert
dr.juris:dr.juris:fork subst @TITTEL normert
Stud. juris:stud.juris:fork subst @TITTEL unormert
Stud.juris:stud.juris:fork subst @TITTEL unormert
stud. juris:stud.juris:fork subst @TITTEL unormert
stud.juris:stud.juris:fork subst @TITTEL normert
Kong:kong:subst @TITTEL unormert
kong:kong:subst @TITTEL normert
ass. gen. sekr.:ass.gen.sekr.:fork subst @TITTEL unormert
ass.gen.sekr.:ass.gen.sekr.:fork subst @TITTEL normert
S/S:SS:fork subst nøyt appell ent fl ub be @TITTEL unormert
SS:SS:fork subst nøyt appell ent fl ub be @TITTEL normert
St.:St.:fork subst @TITTEL normert
cand.med:cand.med.:fork subst @TITTEL unormert
cand.med.:cand.med.:fork subst @TITTEL normert
Can.med.vet:cand.med.vet.:fork subst @TITTEL unormert
Cand. Med. Vet.:cand.med.vet.:fork subst @TITTEL unormert
Cand. med. vet:cand.med.vet.:fork subst @TITTEL unormert
Cand.med.vet:cand.med.vet.:fork subst @TITTEL unormert
Cand.med.vet.:cand.med.vet.:fork subst @TITTEL unormert
can.med.vet:cand.med.vet.:fork subst @TITTEL unormert
cand. med. vet:cand.med.vet.:fork subst @TITTEL unormert
cand.med.vet:cand.med.vet.:fork subst @TITTEL unormert
cand.med.vet.:cand.med.vet.:fork subst @TITTEL normert
Cand. min.:cand.min.:fork subst @TITTEL unormert
Cand.min.:cand.min.:fork subst @TITTEL unormert
cand. min:cand.min.:fork subst @TITTEL unormert
cand. min.:cand.min.:fork subst @TITTEL unormert
cand.min:cand.min.:fork subst @TITTEL unormert
cand.min.:cand.min.:fork subst @TITTEL normert
Cand. Odont.:cand.odont.:fork subst @TITTEL unormert
Cand. odont.:cand.odont.:fork subst @TITTEL unormert
Cand.odont.:cand.odont.:fork subst @TITTEL unormert
cand. odont.:cand.odont.:fork subst @TITTEL unormert
cand.odont.:cand.odont.:fork subst @TITTEL normert
Cand. Oecon.:cand.oecon.:fork subst @TITTEL unormert
Cand. oecon.:cand.oecon.:fork subst @TITTEL unormert
Cand.oecon.:cand.oecon.:fork subst @TITTEL unormert
cand. oecon.:cand.oecon.:fork subst @TITTEL unormert
cand.oecon.:cand.oecon.:fork subst @TITTEL normert
Cand. Paed.:cand.paed.:fork subst @TITTEL unormert
Cand. paed.:cand.paed.:fork subst @TITTEL unormert
Cand.paed.:cand.paed.:fork subst @TITTEL unormert
cand. paed.:cand.paed.:fork subst @TITTEL unormert
cand.paed.:cand.paed.:fork subst @TITTEL normert
Cand. Pharm.:cand.pharm.:fork subst @TITTEL unormert
Cand. pharm.:cand.pharm.:fork subst @TITTEL unormert
Cand.pharm.:cand.pharm.:fork subst @TITTEL unormert
cand. pharm.:cand.pharm.:fork subst @TITTEL unormert
cand.pharm.:cand.pharm.:fork subst @TITTEL normert
Cand. Philol.:cand.philol.:fork subst @TITTEL unormert
Cand. philol.:cand.philol.:fork subst @TITTEL unormert
Cand.philol.:cand.philol.:fork subst @TITTEL unormert
cand. philol.:cand.philol.:fork subst @TITTEL unormert
cand.philol.:cand.philol.:fork subst @TITTEL normert
Cand. Polit.:cand.polit.:fork subst @TITTEL unormert
Cand. polit.:cand.polit.:fork subst @TITTEL unormert
Cand.polit.:cand.polit.:fork subst @TITTEL unormert
cand. polit.:cand.polit.:fork subst @TITTEL unormert
cand.polit.:cand.polit.:fork subst @TITTEL normert
Cand. Psychol.:cand.psychol.:fork subst @TITTEL unormert
Cand. psychol.:cand.psychol.:fork subst @TITTEL unormert
Cand.psychol.:cand.psychol.:fork subst @TITTEL unormert
cand. psychol.:cand.psychol.:fork subst @TITTEL unormert
cand.psychol.:cand.psychol.:fork subst @TITTEL normert
Cand. Real.:cand.real.:fork subst @TITTEL unormert
Cand. real.:cand.real.:fork subst @TITTEL unormert
Cand.real.:cand.real.:fork subst @TITTEL unormert
cand. real.:cand.real.:fork subst @TITTEL unormert
cand.real.:cand.real.:fork subst @TITTEL normert
Cand. Scient.:cand.scient.:fork subst @TITTEL unormert
Cand. scient.:cand.scient.:fork subst @TITTEL unormert
cand. scient:cand.scient.:fork subst @TITTEL unormert
cand. scient.:cand.scient.:fork subst @TITTEL unormert
cand.scient.:cand.scient.:fork subst @TITTEL normert
Cand. Sociol.:cand.sociol.:fork subst @TITTEL unormert
Cand. sociol.:cand.sociol.:fork subst @TITTEL unormert
Cand.sociol.:cand.sociol.:fork subst @TITTEL unormert
cand. sociol.:cand.sociol.:fork subst @TITTEL unormert
cand.sociol.:cand.sociol.:fork subst @TITTEL normert
Cand. theol.:cand.theol.:fork subst @TITTEL unormert
Cand.theol.:cand.theol.:fork subst @TITTEL unormert
cand. theol:cand.theol.:fork subst @TITTEL unormert
cand. theol.:cand.theol.:fork subst @TITTEL unormert
cand.theol:cand.theol.:fork subst @TITTEL unormert
cand.theol.:cand.theol.:fork subst @TITTEL normert
frk.:frk.:fork subst @TITTEL normert
viseadm dir:viseadm.dir.:fork adj+subst subst @TITTEL unormert
viseadm. dir.:viseadm.dir.:fork adj+subst subst @TITTEL unormert
viseadm. direktør:viseadm.dir.:fork adj+subst subst @TITTEL unormert
viseadm.dir.:viseadm.dir.:fork adj+subst subst @TITTEL normert
Cand. sosiol:cand.sosiol.:fork subst @TITTEL unormert
Cand.sosiol:cand.sosiol.:fork subst @TITTEL unormert
cand. sosiol:cand.sosiol.:fork subst @TITTEL unormert
cand. sosiol.:cand.sosiol.:fork subst @TITTEL unormert
cand.sosiol:cand.sosiol.:fork subst @TITTEL unormert
cand.sosiol.:cand.sosiol.:fork subst @TITTEL normert
Stud. jur.:stud.jur.:fork subst @TITTEL unormert
Stud.jur.:stud.jur.:fork subst @TITTEL unormert
stud. jur.:stud.jur.:fork subst @TITTEL unormert
